0,../images/dotted/dotted_0073.jpg
1,../images/dotted/dotted_0173.jpg
2,../images/dotted/dotted_0142.jpg
3,../images/dotted/dotted_0105.jpg
4,../images/dotted/dotted_0170.jpg
5,../images/dotted/dotted_0178.jpg
6,../images/dotted/dotted_0187.jpg
7,../images/dotted/dotted_0140.jpg
8,../images/dotted/dotted_0094.jpg
9,../images/dotted/dotted_0107.jpg
10,../images/dotted/dotted_0108.jpg
11,../images/dotted/dotted_0203.jpg
12,../images/dotted/dotted_0158.jpg
13,../images/dotted/dotted_0038.jpg
14,../images/dotted/dotted_0134.jpg
15,../images/dotted/dotted_0135.jpg
16,../images/dotted/dotted_0197.jpg
17,../images/dotted/dotted_0164.jpg
18,../images/dotted/dotted_0183.jpg
19,../images/dotted/dotted_0078.jpg
20,../images/dotted/dotted_0196.jpg
21,../images/dotted/dotted_0098.jpg
22,../images/dotted/dotted_0126.jpg
23,../images/dotted/dotted_0123.jpg
24,../images/crosshatched/crosshatched_0103.jpg
25,../images/crosshatched/crosshatched_0157.jpg
26,../images/crosshatched/crosshatched_0010.jpg
27,../images/crosshatched/crosshatched_0119.jpg
28,../images/crosshatched/crosshatched_0089.jpg
29,../images/crosshatched/crosshatched_0127.jpg
30,../images/crosshatched/crosshatched_0125.jpg
31,../images/crosshatched/crosshatched_0149.jpg
32,../images/crosshatched/crosshatched_0144.jpg
33,../images/crosshatched/crosshatched_0081.jpg
34,../images/crosshatched/crosshatched_0047.jpg
35,../images/crosshatched/crosshatched_0165.jpg
36,../images/crosshatched/crosshatched_0121.jpg
37,../images/crosshatched/crosshatched_0056.jpg
38,../images/crosshatched/crosshatched_0172.jpg
39,../images/crosshatched/crosshatched_0137.jpg
40,../images/crosshatched/crosshatched_0059.jpg
41,../images/crosshatched/crosshatched_0167.jpg
42,../images/crosshatched/crosshatched_0171.jpg
43,../images/crosshatched/crosshatched_0115.jpg
44,../images/crosshatched/crosshatched_0094.jpg
45,../images/crosshatched/crosshatched_0123.jpg
46,../images/crosshatched/crosshatched_0042.jpg
47,../images/crosshatched/crosshatched_0104.jpg
48,../images/braided/braided_0064.jpg
49,../images/braided/braided_0009.jpg
50,../images/braided/braided_0157.jpg
51,../images/braided/braided_0067.jpg
52,../images/braided/braided_0126.jpg
53,../images/braided/braided_0050.jpg
54,../images/braided/braided_0112.jpg
55,../images/braided/braided_0006.jpg
56,../images/braided/braided_0196.jpg
57,../images/braided/braided_0167.jpg
58,../images/braided/braided_0119.jpg
59,../images/braided/braided_0114.jpg
60,../images/braided/braided_0077.jpg
61,../images/braided/braided_0166.jpg
62,../images/braided/braided_0159.jpg
63,../images/braided/braided_0117.jpg
64,../images/braided/braided_0132.jpg
65,../images/braided/braided_0116.jpg
66,../images/braided/braided_0027.jpg
67,../images/braided/braided_0133.jpg
68,../images/braided/braided_0193.jpg
69,../images/braided/braided_0189.jpg
70,../images/braided/braided_0170.jpg
71,../images/braided/braided_0127.jpg
72,../images/swirly/swirly_0061.jpg
73,../images/swirly/swirly_0111.jpg
74,../images/swirly/swirly_0103.jpg
75,../images/swirly/swirly_0160.jpg
76,../images/swirly/swirly_0074.jpg
77,../images/swirly/swirly_0064.jpg
78,../images/swirly/swirly_0106.jpg
79,../images/swirly/swirly_0117.jpg
80,../images/swirly/swirly_0133.jpg
81,../images/swirly/swirly_0089.jpg
82,../images/swirly/swirly_0154.jpg
83,../images/swirly/swirly_0086.jpg
84,../images/swirly/swirly_0079.jpg
85,../images/swirly/swirly_0175.jpg
86,../images/swirly/swirly_0141.jpg
87,../images/swirly/swirly_0152.jpg
88,../images/swirly/swirly_0158.jpg
89,../images/swirly/swirly_0137.jpg
90,../images/swirly/swirly_0093.jpg
91,../images/swirly/swirly_0104.jpg
92,../images/swirly/swirly_0112.jpg
93,../images/swirly/swirly_0121.jpg
94,../images/swirly/swirly_0072.jpg
95,../images/swirly/swirly_0150.jpg
96,../images/stained/stained_0064.jpg
97,../images/stained/stained_0075.jpg
98,../images/stained/stained_0077.jpg
99,../images/stained/stained_0024.jpg
100,../images/stained/stained_0046.jpg
101,../images/stained/stained_0025.jpg
102,../images/stained/stained_0071.jpg
103,../images/stained/stained_0082.jpg
104,../images/stained/stained_0068.jpg
105,../images/stained/stained_0119.jpg
106,../images/stained/stained_0131.jpg
107,../images/stained/stained_0108.jpg
108,../images/stained/stained_0088.jpg
109,../images/stained/stained_0094.jpg
110,../images/stained/stained_0069.jpg
111,../images/stained/stained_0092.jpg
112,../images/stained/stained_0133.jpg
113,../images/stained/stained_0130.jpg
114,../images/stained/stained_0026.jpg
115,../images/stained/stained_0084.jpg
116,../images/stained/stained_0041.jpg
117,../images/stained/stained_0136.jpg
118,../images/stained/stained_0128.jpg
119,../images/stained/stained_0124.jpg
120,../images/wrinkled/wrinkled_0076.jpg
121,../images/wrinkled/wrinkled_0043.jpg
122,../images/wrinkled/wrinkled_0126.jpg
123,../images/wrinkled/wrinkled_0098.jpg
124,../images/wrinkled/wrinkled_0067.jpg
125,../images/wrinkled/wrinkled_0108.jpg
126,../images/wrinkled/wrinkled_0136.jpg
127,../images/wrinkled/wrinkled_0023.jpg
128,../images/wrinkled/wrinkled_0131.jpg
129,../images/wrinkled/wrinkled_0112.jpg
130,../images/wrinkled/wrinkled_0052.jpg
131,../images/wrinkled/wrinkled_0014.jpg
132,../images/wrinkled/wrinkled_0068.jpg
133,../images/wrinkled/wrinkled_0048.jpg
134,../images/wrinkled/wrinkled_0053.jpg
135,../images/wrinkled/wrinkled_0096.jpg
136,../images/wrinkled/wrinkled_0094.jpg
137,../images/wrinkled/wrinkled_0113.jpg
138,../images/wrinkled/wrinkled_0057.jpg
139,../images/wrinkled/wrinkled_0045.jpg
140,../images/wrinkled/wrinkled_0056.jpg
141,../images/wrinkled/wrinkled_0027.jpg
142,../images/wrinkled/wrinkled_0080.jpg
143,../images/wrinkled/wrinkled_0088.jpg
144,../images/meshed/meshed_0183.jpg
145,../images/meshed/meshed_0119.jpg
146,../images/meshed/meshed_0110.jpg
147,../images/meshed/meshed_0103.jpg
148,../images/meshed/meshed_0124.jpg
149,../images/meshed/meshed_0176.jpg
150,../images/meshed/meshed_0044.jpg
151,../images/meshed/meshed_0174.jpg
152,../images/meshed/meshed_0165.jpg
153,../images/meshed/meshed_0025.jpg
154,../images/meshed/meshed_0141.jpg
155,../images/meshed/meshed_0160.jpg
156,../images/meshed/meshed_0131.jpg
157,../images/meshed/meshed_0163.jpg
158,../images/meshed/meshed_0173.jpg
159,../images/meshed/meshed_0148.jpg
160,../images/meshed/meshed_0072.jpg
161,../images/meshed/meshed_0023.jpg
162,../images/meshed/meshed_0145.jpg
163,../images/meshed/meshed_0058.jpg
164,../images/meshed/meshed_0115.jpg
165,../images/meshed/meshed_0065.jpg
166,../images/meshed/meshed_0171.jpg
167,../images/meshed/meshed_0190.jpg
168,../images/grooved/grooved_0081.jpg
169,../images/grooved/grooved_0161.jpg
170,../images/grooved/grooved_0109.jpg
171,../images/grooved/grooved_0135.jpg
172,../images/grooved/grooved_0124.jpg
173,../images/grooved/grooved_0168.jpg
174,../images/grooved/grooved_0099.jpg
175,../images/grooved/grooved_0096.jpg
176,../images/grooved/grooved_0148.jpg
177,../images/grooved/grooved_0151.jpg
178,../images/grooved/grooved_0150.jpg
179,../images/grooved/grooved_0105.jpg
180,../images/grooved/grooved_0087.jpg
181,../images/grooved/grooved_0061.jpg
182,../images/grooved/grooved_0158.jpg
183,../images/grooved/grooved_0129.jpg
184,../images/grooved/grooved_0065.jpg
185,../images/grooved/grooved_0051.jpg
186,../images/grooved/grooved_0052.jpg
187,../images/grooved/grooved_0072.jpg
188,../images/grooved/grooved_0112.jpg
189,../images/grooved/grooved_0159.jpg
190,../images/grooved/grooved_0123.jpg
191,../images/grooved/grooved_0127.jpg
192,../images/crystalline/crystalline_0123.jpg
193,../images/crystalline/crystalline_0220.jpg
194,../images/crystalline/crystalline_0113.jpg
195,../images/crystalline/crystalline_0163.jpg
196,../images/crystalline/crystalline_0107.jpg
197,../images/crystalline/crystalline_0156.jpg
198,../images/crystalline/crystalline_0207.jpg
199,../images/crystalline/crystalline_0218.jpg
200,../images/crystalline/crystalline_0139.jpg
201,../images/crystalline/crystalline_0161.jpg
202,../images/crystalline/crystalline_0204.jpg
203,../images/crystalline/crystalline_0177.jpg
204,../images/crystalline/crystalline_0153.jpg
205,../images/crystalline/crystalline_0181.jpg
206,../images/crystalline/crystalline_0208.jpg
207,../images/crystalline/crystalline_0198.jpg
208,../images/crystalline/crystalline_0194.jpg
209,../images/crystalline/crystalline_0117.jpg
210,../images/crystalline/crystalline_0157.jpg
211,../images/crystalline/crystalline_0154.jpg
212,../images/crystalline/crystalline_0182.jpg
213,../images/crystalline/crystalline_0172.jpg
214,../images/crystalline/crystalline_0147.jpg
215,../images/crystalline/crystalline_0191.jpg
216,../images/knitted/knitted_0187.jpg
217,../images/knitted/knitted_0116.jpg
218,../images/knitted/knitted_0204.jpg
219,../images/knitted/knitted_0131.jpg
220,../images/knitted/knitted_0158.jpg
221,../images/knitted/knitted_0135.jpg
222,../images/knitted/knitted_0168.jpg
223,../images/knitted/knitted_0113.jpg
224,../images/knitted/knitted_0127.jpg
225,../images/knitted/knitted_0110.jpg
226,../images/knitted/knitted_0194.jpg
227,../images/knitted/knitted_0148.jpg
228,../images/knitted/knitted_0087.jpg
229,../images/knitted/knitted_0118.jpg
230,../images/knitted/knitted_0142.jpg
231,../images/knitted/knitted_0153.jpg
232,../images/knitted/knitted_0101.jpg
233,../images/knitted/knitted_0103.jpg
234,../images/knitted/knitted_0102.jpg
235,../images/knitted/knitted_0079.jpg
236,../images/knitted/knitted_0159.jpg
237,../images/knitted/knitted_0196.jpg
238,../images/knitted/knitted_0085.jpg
239,../images/knitted/knitted_0146.jpg
240,../images/spiralled/spiralled_0070.jpg
241,../images/spiralled/spiralled_0016.jpg
242,../images/spiralled/spiralled_0037.jpg
243,../images/spiralled/spiralled_0058.jpg
244,../images/spiralled/spiralled_0110.jpg
245,../images/spiralled/spiralled_0122.jpg
246,../images/spiralled/spiralled_0015.jpg
247,../images/spiralled/spiralled_0118.jpg
248,../images/spiralled/spiralled_0039.jpg
249,../images/spiralled/spiralled_0050.jpg
250,../images/spiralled/spiralled_0014.jpg
251,../images/spiralled/spiralled_0098.jpg
252,../images/spiralled/spiralled_0033.jpg
253,../images/spiralled/spiralled_0102.jpg
254,../images/spiralled/spiralled_0066.jpg
255,../images/spiralled/spiralled_0076.jpg
256,../images/spiralled/spiralled_0030.jpg
257,../images/spiralled/spiralled_0038.jpg
258,../images/spiralled/spiralled_0101.jpg
259,../images/spiralled/spiralled_0129.jpg
260,../images/spiralled/spiralled_0069.jpg
261,../images/spiralled/spiralled_0035.jpg
262,../images/spiralled/spiralled_0091.jpg
263,../images/spiralled/spiralled_0100.jpg
264,../images/zigzagged/zigzagged_0124.jpg
265,../images/zigzagged/zigzagged_0054.jpg
266,../images/zigzagged/zigzagged_0071.jpg
267,../images/zigzagged/zigzagged_0025.jpg
268,../images/zigzagged/zigzagged_0063.jpg
269,../images/zigzagged/zigzagged_0086.jpg
270,../images/zigzagged/zigzagged_0113.jpg
271,../images/zigzagged/zigzagged_0108.jpg
272,../images/zigzagged/zigzagged_0036.jpg
273,../images/zigzagged/zigzagged_0130.jpg
274,../images/zigzagged/zigzagged_0035.jpg
275,../images/zigzagged/zigzagged_0128.jpg
276,../images/zigzagged/zigzagged_0057.jpg
277,../images/zigzagged/zigzagged_0126.jpg
278,../images/zigzagged/zigzagged_0093.jpg
279,../images/zigzagged/zigzagged_0014.jpg
280,../images/zigzagged/zigzagged_0091.jpg
281,../images/zigzagged/zigzagged_0077.jpg
282,../images/zigzagged/zigzagged_0106.jpg
283,../images/zigzagged/zigzagged_0081.jpg
284,../images/zigzagged/zigzagged_0110.jpg
285,../images/zigzagged/zigzagged_0050.jpg
286,../images/zigzagged/zigzagged_0097.jpg
287,../images/zigzagged/zigzagged_0016.jpg
288,../images/cobwebbed/cobwebbed_0149.jpg
289,../images/cobwebbed/cobwebbed_0088.jpg
290,../images/cobwebbed/cobwebbed_0145.jpg
291,../images/cobwebbed/cobwebbed_0057.jpg
292,../images/cobwebbed/cobwebbed_0045.jpg
293,../images/cobwebbed/cobwebbed_0129.jpg
294,../images/cobwebbed/cobwebbed_0081.jpg
295,../images/cobwebbed/cobwebbed_0073.jpg
296,../images/cobwebbed/cobwebbed_0049.jpg
297,../images/cobwebbed/cobwebbed_0157.jpg
298,../images/cobwebbed/cobwebbed_0130.jpg
299,../images/cobwebbed/cobwebbed_0091.jpg
300,../images/cobwebbed/cobwebbed_0156.jpg
301,../images/cobwebbed/cobwebbed_0109.jpg
302,../images/cobwebbed/cobwebbed_0102.jpg
303,../images/cobwebbed/cobwebbed_0148.jpg
304,../images/cobwebbed/cobwebbed_0047.jpg
305,../images/cobwebbed/cobwebbed_0144.jpg
306,../images/cobwebbed/cobwebbed_0097.jpg
307,../images/cobwebbed/cobwebbed_0078.jpg
308,../images/cobwebbed/cobwebbed_0076.jpg
309,../images/cobwebbed/cobwebbed_0086.jpg
310,../images/cobwebbed/cobwebbed_0159.jpg
311,../images/cobwebbed/cobwebbed_0070.jpg
312,../images/marbled/marbled_0086.jpg
313,../images/marbled/marbled_0132.jpg
314,../images/marbled/marbled_0179.jpg
315,../images/marbled/marbled_0194.jpg
316,../images/marbled/marbled_0191.jpg
317,../images/marbled/marbled_0110.jpg
318,../images/marbled/marbled_0108.jpg
319,../images/marbled/marbled_0073.jpg
320,../images/marbled/marbled_0075.jpg
321,../images/marbled/marbled_0105.jpg
322,../images/marbled/marbled_0136.jpg
323,../images/marbled/marbled_0130.jpg
324,../images/marbled/marbled_0095.jpg
325,../images/marbled/marbled_0165.jpg
326,../images/marbled/marbled_0076.jpg
327,../images/marbled/marbled_0181.jpg
328,../images/marbled/marbled_0118.jpg
329,../images/marbled/marbled_0111.jpg
330,../images/marbled/marbled_0100.jpg
331,../images/marbled/marbled_0131.jpg
332,../images/marbled/marbled_0139.jpg
333,../images/marbled/marbled_0141.jpg
334,../images/marbled/marbled_0104.jpg
335,../images/marbled/marbled_0125.jpg
336,../images/smeared/smeared_0145.jpg
337,../images/smeared/smeared_0049.jpg
338,../images/smeared/smeared_0120.jpg
339,../images/smeared/smeared_0031.jpg
340,../images/smeared/smeared_0100.jpg
341,../images/smeared/smeared_0122.jpg
342,../images/smeared/smeared_0028.jpg
343,../images/smeared/smeared_0019.jpg
344,../images/smeared/smeared_0086.jpg
345,../images/smeared/smeared_0129.jpg
346,../images/smeared/smeared_0055.jpg
347,../images/smeared/smeared_0030.jpg
348,../images/smeared/smeared_0113.jpg
349,../images/smeared/smeared_0132.jpg
350,../images/smeared/smeared_0058.jpg
351,../images/smeared/smeared_0104.jpg
352,../images/smeared/smeared_0047.jpg
353,../images/smeared/smeared_0085.jpg
354,../images/smeared/smeared_0052.jpg
355,../images/smeared/smeared_0147.jpg
356,../images/smeared/smeared_0018.jpg
357,../images/smeared/smeared_0062.jpg
358,../images/smeared/smeared_0106.jpg
359,../images/smeared/smeared_0123.jpg
360,../images/flecked/flecked_0162.jpg
361,../images/flecked/flecked_0118.jpg
362,../images/flecked/flecked_0096.jpg
363,../images/flecked/flecked_0081.jpg
364,../images/flecked/flecked_0113.jpg
365,../images/flecked/flecked_0087.jpg
366,../images/flecked/flecked_0129.jpg
367,../images/flecked/flecked_0142.jpg
368,../images/flecked/flecked_0104.jpg
369,../images/flecked/flecked_0075.jpg
370,../images/flecked/flecked_0064.jpg
371,../images/flecked/flecked_0094.jpg
372,../images/flecked/flecked_0164.jpg
373,../images/flecked/flecked_0146.jpg
374,../images/flecked/flecked_0116.jpg
375,../images/flecked/flecked_0066.jpg
376,../images/flecked/flecked_0141.jpg
377,../images/flecked/flecked_0098.jpg
378,../images/flecked/flecked_0128.jpg
379,../images/flecked/flecked_0150.jpg
380,../images/flecked/flecked_0051.jpg
381,../images/flecked/flecked_0079.jpg
382,../images/flecked/flecked_0161.jpg
383,../images/flecked/flecked_0155.jpg
384,../images/stratified/stratified_0056.jpg
385,../images/stratified/stratified_0050.jpg
386,../images/stratified/stratified_0165.jpg
387,../images/stratified/stratified_0078.jpg
388,../images/stratified/stratified_0170.jpg
389,../images/stratified/stratified_0055.jpg
390,../images/stratified/stratified_0142.jpg
391,../images/stratified/stratified_0053.jpg
392,../images/stratified/stratified_0042.jpg
393,../images/stratified/stratified_0113.jpg
394,../images/stratified/stratified_0153.jpg
395,../images/stratified/stratified_0169.jpg
396,../images/stratified/stratified_0051.jpg
397,../images/stratified/stratified_0096.jpg
398,../images/stratified/stratified_0163.jpg
399,../images/stratified/stratified_0054.jpg
400,../images/stratified/stratified_0124.jpg
401,../images/stratified/stratified_0116.jpg
402,../images/stratified/stratified_0027.jpg
403,../images/stratified/stratified_0131.jpg
404,../images/stratified/stratified_0145.jpg
405,../images/stratified/stratified_0079.jpg
406,../images/stratified/stratified_0043.jpg
407,../images/stratified/stratified_0128.jpg
408,../images/cracked/cracked_0088.jpg
409,../images/cracked/cracked_0056.jpg
410,../images/cracked/cracked_0142.jpg
411,../images/cracked/cracked_0004.jpg
412,../images/cracked/cracked_0164.jpg
413,../images/cracked/cracked_0078.jpg
414,../images/cracked/cracked_0149.jpg
415,../images/cracked/cracked_0146.jpg
416,../images/cracked/cracked_0129.jpg
417,../images/cracked/cracked_0107.jpg
418,../images/cracked/cracked_0084.jpg
419,../images/cracked/cracked_0156.jpg
420,../images/cracked/cracked_0050.jpg
421,../images/cracked/cracked_0122.jpg
422,../images/cracked/cracked_0117.jpg
423,../images/cracked/cracked_0148.jpg
424,../images/cracked/cracked_0098.jpg
425,../images/cracked/cracked_0063.jpg
426,../images/cracked/cracked_0167.jpg
427,../images/cracked/cracked_0141.jpg
428,../images/cracked/cracked_0124.jpg
429,../images/cracked/cracked_0154.jpg
430,../images/cracked/cracked_0110.jpg
431,../images/cracked/cracked_0061.jpg
432,../images/veined/veined_0181.jpg
433,../images/veined/veined_0097.jpg
434,../images/veined/veined_0154.jpg
435,../images/veined/veined_0153.jpg
436,../images/veined/veined_0074.jpg
437,../images/veined/veined_0152.jpg
438,../images/veined/veined_0089.jpg
439,../images/veined/veined_0122.jpg
440,../images/veined/veined_0079.jpg
441,../images/veined/veined_0139.jpg
442,../images/veined/veined_0111.jpg
443,../images/veined/veined_0077.jpg
444,../images/veined/veined_0142.jpg
445,../images/veined/veined_0104.jpg
446,../images/veined/veined_0130.jpg
447,../images/veined/veined_0001.jpg
448,../images/veined/veined_0180.jpg
449,../images/veined/veined_0110.jpg
450,../images/veined/veined_0140.jpg
451,../images/veined/veined_0108.jpg
452,../images/veined/veined_0075.jpg
453,../images/veined/veined_0112.jpg
454,../images/veined/veined_0169.jpg
455,../images/veined/veined_0117.jpg
456,../images/bubbly/bubbly_0043.jpg
457,../images/bubbly/bubbly_0148.jpg
458,../images/bubbly/bubbly_0152.jpg
459,../images/bubbly/bubbly_0096.jpg
460,../images/bubbly/bubbly_0126.jpg
461,../images/bubbly/bubbly_0044.jpg
462,../images/bubbly/bubbly_0123.jpg
463,../images/bubbly/bubbly_0112.jpg
464,../images/bubbly/bubbly_0052.jpg
465,../images/bubbly/bubbly_0087.jpg
466,../images/bubbly/bubbly_0169.jpg
467,../images/bubbly/bubbly_0125.jpg
468,../images/bubbly/bubbly_0171.jpg
469,../images/bubbly/bubbly_0163.jpg
470,../images/bubbly/bubbly_0151.jpg
471,../images/bubbly/bubbly_0166.jpg
472,../images/bubbly/bubbly_0070.jpg
473,../images/bubbly/bubbly_0115.jpg
474,../images/bubbly/bubbly_0127.jpg
475,../images/bubbly/bubbly_0158.jpg
476,../images/bubbly/bubbly_0167.jpg
477,../images/bubbly/bubbly_0086.jpg
478,../images/bubbly/bubbly_0059.jpg
479,../images/bubbly/bubbly_0160.jpg
480,../images/polka-dotted/polka-dotted_0118.jpg
481,../images/polka-dotted/polka-dotted_0142.jpg
482,../images/polka-dotted/polka-dotted_0218.jpg
483,../images/polka-dotted/polka-dotted_0224.jpg
484,../images/polka-dotted/polka-dotted_0227.jpg
485,../images/polka-dotted/polka-dotted_0188.jpg
486,../images/polka-dotted/polka-dotted_0115.jpg
487,../images/polka-dotted/polka-dotted_0222.jpg
488,../images/polka-dotted/polka-dotted_0192.jpg
489,../images/polka-dotted/polka-dotted_0093.jpg
490,../images/polka-dotted/polka-dotted_0128.jpg
491,../images/polka-dotted/polka-dotted_0211.jpg
492,../images/polka-dotted/polka-dotted_0120.jpg
493,../images/polka-dotted/polka-dotted_0153.jpg
494,../images/polka-dotted/polka-dotted_0173.jpg
495,../images/polka-dotted/polka-dotted_0168.jpg
496,../images/polka-dotted/polka-dotted_0151.jpg
497,../images/polka-dotted/polka-dotted_0182.jpg
498,../images/polka-dotted/polka-dotted_0116.jpg
499,../images/polka-dotted/polka-dotted_0232.jpg
500,../images/polka-dotted/polka-dotted_0161.jpg
501,../images/polka-dotted/polka-dotted_0098.jpg
502,../images/polka-dotted/polka-dotted_0223.jpg
503,../images/polka-dotted/polka-dotted_0131.jpg
504,../images/pleated/pleated_0171.jpg
505,../images/pleated/pleated_0063.jpg
506,../images/pleated/pleated_0045.jpg
507,../images/pleated/pleated_0104.jpg
508,../images/pleated/pleated_0138.jpg
509,../images/pleated/pleated_0155.jpg
510,../images/pleated/pleated_0059.jpg
511,../images/pleated/pleated_0114.jpg
512,../images/pleated/pleated_0119.jpg
513,../images/pleated/pleated_0126.jpg
514,../images/pleated/pleated_0087.jpg
515,../images/pleated/pleated_0172.jpg
516,../images/pleated/pleated_0130.jpg
517,../images/pleated/pleated_0116.jpg
518,../images/pleated/pleated_0068.jpg
519,../images/pleated/pleated_0153.jpg
520,../images/pleated/pleated_0105.jpg
521,../images/pleated/pleated_0117.jpg
522,../images/pleated/pleated_0152.jpg
523,../images/pleated/pleated_0161.jpg
524,../images/pleated/pleated_0147.jpg
525,../images/pleated/pleated_0098.jpg
526,../images/pleated/pleated_0102.jpg
527,../images/pleated/pleated_0049.jpg
528,../images/fibrous/fibrous_0122.jpg
529,../images/fibrous/fibrous_0144.jpg
530,../images/fibrous/fibrous_0127.jpg
531,../images/fibrous/fibrous_0116.jpg
532,../images/fibrous/fibrous_0115.jpg
533,../images/fibrous/fibrous_0118.jpg
534,../images/fibrous/fibrous_0185.jpg
535,../images/fibrous/fibrous_0196.jpg
536,../images/fibrous/fibrous_0157.jpg
537,../images/fibrous/fibrous_0133.jpg
538,../images/fibrous/fibrous_0167.jpg
539,../images/fibrous/fibrous_0124.jpg
540,../images/fibrous/fibrous_0141.jpg
541,../images/fibrous/fibrous_0163.jpg
542,../images/fibrous/fibrous_0192.jpg
543,../images/fibrous/fibrous_0083.jpg
544,../images/fibrous/fibrous_0101.jpg
545,../images/fibrous/fibrous_0187.jpg
546,../images/fibrous/fibrous_0174.jpg
547,../images/fibrous/fibrous_0168.jpg
548,../images/fibrous/fibrous_0089.jpg
549,../images/fibrous/fibrous_0217.jpg
550,../images/fibrous/fibrous_0154.jpg
551,../images/fibrous/fibrous_0199.jpg
552,../images/honeycombed/honeycombed_0059.jpg
553,../images/honeycombed/honeycombed_0151.jpg
554,../images/honeycombed/honeycombed_0047.jpg
555,../images/honeycombed/honeycombed_0109.jpg
556,../images/honeycombed/honeycombed_0110.jpg
557,../images/honeycombed/honeycombed_0084.jpg
558,../images/honeycombed/honeycombed_0092.jpg
559,../images/honeycombed/honeycombed_0123.jpg
560,../images/honeycombed/honeycombed_0130.jpg
561,../images/honeycombed/honeycombed_0078.jpg
562,../images/honeycombed/honeycombed_0120.jpg
563,../images/honeycombed/honeycombed_0119.jpg
564,../images/honeycombed/honeycombed_0104.jpg
565,../images/honeycombed/honeycombed_0045.jpg
566,../images/honeycombed/honeycombed_0147.jpg
567,../images/honeycombed/honeycombed_0051.jpg
568,../images/honeycombed/honeycombed_0169.jpg
569,../images/honeycombed/honeycombed_0044.jpg
570,../images/honeycombed/honeycombed_0126.jpg
571,../images/honeycombed/honeycombed_0115.jpg
572,../images/honeycombed/honeycombed_0165.jpg
573,../images/honeycombed/honeycombed_0163.jpg
574,../images/honeycombed/honeycombed_0108.jpg
575,../images/honeycombed/honeycombed_0053.jpg
576,../images/freckled/freckled_0133.jpg
577,../images/freckled/freckled_0067.jpg
578,../images/freckled/freckled_0172.jpg
579,../images/freckled/freckled_0084.jpg
580,../images/freckled/freckled_0146.jpg
581,../images/freckled/freckled_0175.jpg
582,../images/freckled/freckled_0130.jpg
583,../images/freckled/freckled_0122.jpg
584,../images/freckled/freckled_0129.jpg
585,../images/freckled/freckled_0165.jpg
586,../images/freckled/freckled_0177.jpg
587,../images/freckled/freckled_0148.jpg
588,../images/freckled/freckled_0123.jpg
589,../images/freckled/freckled_0166.jpg
590,../images/freckled/freckled_0171.jpg
591,../images/freckled/freckled_0151.jpg
592,../images/freckled/freckled_0056.jpg
593,../images/freckled/freckled_0096.jpg
594,../images/freckled/freckled_0119.jpg
595,../images/freckled/freckled_0115.jpg
596,../images/freckled/freckled_0159.jpg
597,../images/freckled/freckled_0152.jpg
598,../images/freckled/freckled_0094.jpg
599,../images/freckled/freckled_0065.jpg
600,../images/potholed/potholed_0059.jpg
601,../images/potholed/potholed_0130.jpg
602,../images/potholed/potholed_0142.jpg
603,../images/potholed/potholed_0100.jpg
604,../images/potholed/potholed_0129.jpg
605,../images/potholed/potholed_0053.jpg
606,../images/potholed/potholed_0110.jpg
607,../images/potholed/potholed_0156.jpg
608,../images/potholed/potholed_0067.jpg
609,../images/potholed/potholed_0102.jpg
610,../images/potholed/potholed_0045.jpg
611,../images/potholed/potholed_0151.jpg
612,../images/potholed/potholed_0088.jpg
613,../images/potholed/potholed_0160.jpg
614,../images/potholed/potholed_0086.jpg
615,../images/potholed/potholed_0167.jpg
616,../images/potholed/potholed_0103.jpg
617,../images/potholed/potholed_0111.jpg
618,../images/potholed/potholed_0127.jpg
619,../images/potholed/potholed_0112.jpg
620,../images/potholed/potholed_0136.jpg
621,../images/potholed/potholed_0074.jpg
622,../images/potholed/potholed_0040.jpg
623,../images/potholed/potholed_0169.jpg
624,../images/lined/lined_0107.jpg
625,../images/lined/lined_0105.jpg
626,../images/lined/lined_0115.jpg
627,../images/lined/lined_0110.jpg
628,../images/lined/lined_0158.jpg
629,../images/lined/lined_0134.jpg
630,../images/lined/lined_0124.jpg
631,../images/lined/lined_0143.jpg
632,../images/lined/lined_0147.jpg
633,../images/lined/lined_0176.jpg
634,../images/lined/lined_0094.jpg
635,../images/lined/lined_0059.jpg
636,../images/lined/lined_0133.jpg
637,../images/lined/lined_0131.jpg
638,../images/lined/lined_0161.jpg
639,../images/lined/lined_0036.jpg
640,../images/lined/lined_0159.jpg
641,../images/lined/lined_0104.jpg
642,../images/lined/lined_0042.jpg
643,../images/lined/lined_0057.jpg
644,../images/lined/lined_0122.jpg
645,../images/lined/lined_0079.jpg
646,../images/lined/lined_0073.jpg
647,../images/lined/lined_0136.jpg
648,../images/gauzy/gauzy_0107.jpg
649,../images/gauzy/gauzy_0141.jpg
650,../images/gauzy/gauzy_0135.jpg
651,../images/gauzy/gauzy_0100.jpg
652,../images/gauzy/gauzy_0185.jpg
653,../images/gauzy/gauzy_0144.jpg
654,../images/gauzy/gauzy_0183.jpg
655,../images/gauzy/gauzy_0111.jpg
656,../images/gauzy/gauzy_0124.jpg
657,../images/gauzy/gauzy_0134.jpg
658,../images/gauzy/gauzy_0163.jpg
659,../images/gauzy/gauzy_0105.jpg
660,../images/gauzy/gauzy_0151.jpg
661,../images/gauzy/gauzy_0150.jpg
662,../images/gauzy/gauzy_0160.jpg
663,../images/gauzy/gauzy_0120.jpg
664,../images/gauzy/gauzy_0168.jpg
665,../images/gauzy/gauzy_0118.jpg
666,../images/gauzy/gauzy_0108.jpg
667,../images/gauzy/gauzy_0181.jpg
668,../images/gauzy/gauzy_0182.jpg
669,../images/gauzy/gauzy_0128.jpg
670,../images/gauzy/gauzy_0162.jpg
671,../images/gauzy/gauzy_0081.jpg
672,../images/striped/striped_0108.jpg
673,../images/striped/striped_0058.jpg
674,../images/striped/striped_0107.jpg
675,../images/striped/striped_0115.jpg
676,../images/striped/striped_0101.jpg
677,../images/striped/striped_0033.jpg
678,../images/striped/striped_0090.jpg
679,../images/striped/striped_0064.jpg
680,../images/striped/striped_0114.jpg
681,../images/striped/striped_0051.jpg
682,../images/striped/striped_0065.jpg
683,../images/striped/striped_0082.jpg
684,../images/striped/striped_0121.jpg
685,../images/striped/striped_0020.jpg
686,../images/striped/striped_0083.jpg
687,../images/striped/striped_0122.jpg
688,../images/striped/striped_0042.jpg
689,../images/striped/striped_0041.jpg
690,../images/striped/striped_0104.jpg
691,../images/striped/striped_0102.jpg
692,../images/striped/striped_0043.jpg
693,../images/striped/striped_0034.jpg
694,../images/striped/striped_0086.jpg
695,../images/striped/striped_0063.jpg
696,../images/studded/studded_0173.jpg
697,../images/studded/studded_0168.jpg
698,../images/studded/studded_0102.jpg
699,../images/studded/studded_0201.jpg
700,../images/studded/studded_0152.jpg
701,../images/studded/studded_0149.jpg
702,../images/studded/studded_0199.jpg
703,../images/studded/studded_0111.jpg
704,../images/studded/studded_0176.jpg
705,../images/studded/studded_0212.jpg
706,../images/studded/studded_0133.jpg
707,../images/studded/studded_0072.jpg
708,../images/studded/studded_0154.jpg
709,../images/studded/studded_0106.jpg
710,../images/studded/studded_0143.jpg
711,../images/studded/studded_0206.jpg
712,../images/studded/studded_0100.jpg
713,../images/studded/studded_0132.jpg
714,../images/studded/studded_0186.jpg
715,../images/studded/studded_0210.jpg
716,../images/studded/studded_0170.jpg
717,../images/studded/studded_0107.jpg
718,../images/studded/studded_0159.jpg
719,../images/studded/studded_0073.jpg
720,../images/chequered/chequered_0152.jpg
721,../images/chequered/chequered_0204.jpg
722,../images/chequered/chequered_0151.jpg
723,../images/chequered/chequered_0159.jpg
724,../images/chequered/chequered_0157.jpg
725,../images/chequered/chequered_0052.jpg
726,../images/chequered/chequered_0153.jpg
727,../images/chequered/chequered_0050.jpg
728,../images/chequered/chequered_0101.jpg
729,../images/chequered/chequered_0196.jpg
730,../images/chequered/chequered_0205.jpg
731,../images/chequered/chequered_0169.jpg
732,../images/chequered/chequered_0167.jpg
733,../images/chequered/chequered_0119.jpg
734,../images/chequered/chequered_0063.jpg
735,../images/chequered/chequered_0108.jpg
736,../images/chequered/chequered_0115.jpg
737,../images/chequered/chequered_0183.jpg
738,../images/chequered/chequered_0120.jpg
739,../images/chequered/chequered_0051.jpg
740,../images/chequered/chequered_0096.jpg
741,../images/chequered/chequered_0201.jpg
742,../images/chequered/chequered_0106.jpg
743,../images/chequered/chequered_0186.jpg
744,../images/perforated/perforated_0167.jpg
745,../images/perforated/perforated_0046.jpg
746,../images/perforated/perforated_0039.jpg
747,../images/perforated/perforated_0051.jpg
748,../images/perforated/perforated_0113.jpg
749,../images/perforated/perforated_0033.jpg
750,../images/perforated/perforated_0074.jpg
751,../images/perforated/perforated_0156.jpg
752,../images/perforated/perforated_0154.jpg
753,../images/perforated/perforated_0036.jpg
754,../images/perforated/perforated_0003.jpg
755,../images/perforated/perforated_0135.jpg
756,../images/perforated/perforated_0004.jpg
757,../images/perforated/perforated_0118.jpg
758,../images/perforated/perforated_0121.jpg
759,../images/perforated/perforated_0162.jpg
760,../images/perforated/perforated_0120.jpg
761,../images/perforated/perforated_0053.jpg
762,../images/perforated/perforated_0163.jpg
763,../images/perforated/perforated_0133.jpg
764,../images/perforated/perforated_0147.jpg
765,../images/perforated/perforated_0150.jpg
766,../images/perforated/perforated_0063.jpg
767,../images/perforated/perforated_0126.jpg
768,../images/paisley/paisley_0023.jpg
769,../images/paisley/paisley_0051.jpg
770,../images/paisley/paisley_0130.jpg
771,../images/paisley/paisley_0041.jpg
772,../images/paisley/paisley_0071.jpg
773,../images/paisley/paisley_0007.jpg
774,../images/paisley/paisley_0096.jpg
775,../images/paisley/paisley_0067.jpg
776,../images/paisley/paisley_0093.jpg
777,../images/paisley/paisley_0081.jpg
778,../images/paisley/paisley_0126.jpg
779,../images/paisley/paisley_0027.jpg
780,../images/paisley/paisley_0005.jpg
781,../images/paisley/paisley_0012.jpg
782,../images/paisley/paisley_0104.jpg
783,../images/paisley/paisley_0030.jpg
784,../images/paisley/paisley_0070.jpg
785,../images/paisley/paisley_0121.jpg
786,../images/paisley/paisley_0115.jpg
787,../images/paisley/paisley_0100.jpg
788,../images/paisley/paisley_0128.jpg
789,../images/paisley/paisley_0074.jpg
790,../images/paisley/paisley_0105.jpg
791,../images/paisley/paisley_0009.jpg
792,../images/interlaced/interlaced_0194.jpg
793,../images/interlaced/interlaced_0171.jpg
794,../images/interlaced/interlaced_0076.jpg
795,../images/interlaced/interlaced_0126.jpg
796,../images/interlaced/interlaced_0147.jpg
797,../images/interlaced/interlaced_0048.jpg
798,../images/interlaced/interlaced_0114.jpg
799,../images/interlaced/interlaced_0133.jpg
800,../images/interlaced/interlaced_0197.jpg
801,../images/interlaced/interlaced_0127.jpg
802,../images/interlaced/interlaced_0178.jpg
803,../images/interlaced/interlaced_0146.jpg
804,../images/interlaced/interlaced_0045.jpg
805,../images/interlaced/interlaced_0200.jpg
806,../images/interlaced/interlaced_0170.jpg
807,../images/interlaced/interlaced_0103.jpg
808,../images/interlaced/interlaced_0142.jpg
809,../images/interlaced/interlaced_0161.jpg
810,../images/interlaced/interlaced_0124.jpg
811,../images/interlaced/interlaced_0136.jpg
812,../images/interlaced/interlaced_0125.jpg
813,../images/interlaced/interlaced_0141.jpg
814,../images/interlaced/interlaced_0134.jpg
815,../images/interlaced/interlaced_0113.jpg
816,../images/pitted/pitted_0012.jpg
817,../images/pitted/pitted_0051.jpg
818,../images/pitted/pitted_0062.jpg
819,../images/pitted/pitted_0074.jpg
820,../images/pitted/pitted_0150.jpg
821,../images/pitted/pitted_0117.jpg
822,../images/pitted/pitted_0081.jpg
823,../images/pitted/pitted_0144.jpg
824,../images/pitted/pitted_0011.jpg
825,../images/pitted/pitted_0054.jpg
826,../images/pitted/pitted_0161.jpg
827,../images/pitted/pitted_0043.jpg
828,../images/pitted/pitted_0103.jpg
829,../images/pitted/pitted_0082.jpg
830,../images/pitted/pitted_0113.jpg
831,../images/pitted/pitted_0112.jpg
832,../images/pitted/pitted_0049.jpg
833,../images/pitted/pitted_0148.jpg
834,../images/pitted/pitted_0072.jpg
835,../images/pitted/pitted_0115.jpg
836,../images/pitted/pitted_0155.jpg
837,../images/pitted/pitted_0130.jpg
838,../images/pitted/pitted_0064.jpg
839,../images/pitted/pitted_0052.jpg
840,../images/frilly/frilly_0031.jpg
841,../images/frilly/frilly_0113.jpg
842,../images/frilly/frilly_0040.jpg
843,../images/frilly/frilly_0076.jpg
844,../images/frilly/frilly_0068.jpg
845,../images/frilly/frilly_0025.jpg
846,../images/frilly/frilly_0122.jpg
847,../images/frilly/frilly_0105.jpg
848,../images/frilly/frilly_0047.jpg
849,../images/frilly/frilly_0066.jpg
850,../images/frilly/frilly_0125.jpg
851,../images/frilly/frilly_0038.jpg
852,../images/frilly/frilly_0115.jpg
853,../images/frilly/frilly_0064.jpg
854,../images/frilly/frilly_0065.jpg
855,../images/frilly/frilly_0054.jpg
856,../images/frilly/frilly_0034.jpg
857,../images/frilly/frilly_0083.jpg
858,../images/frilly/frilly_0030.jpg
859,../images/frilly/frilly_0018.jpg
860,../images/frilly/frilly_0035.jpg
861,../images/frilly/frilly_0019.jpg
862,../images/frilly/frilly_0051.jpg
863,../images/frilly/frilly_0081.jpg
864,../images/sprinkled/sprinkled_0030.jpg
865,../images/sprinkled/sprinkled_0136.jpg
866,../images/sprinkled/sprinkled_0042.jpg
867,../images/sprinkled/sprinkled_0139.jpg
868,../images/sprinkled/sprinkled_0069.jpg
869,../images/sprinkled/sprinkled_0135.jpg
870,../images/sprinkled/sprinkled_0047.jpg
871,../images/sprinkled/sprinkled_0011.jpg
872,../images/sprinkled/sprinkled_0115.jpg
873,../images/sprinkled/sprinkled_0059.jpg
874,../images/sprinkled/sprinkled_0016.jpg
875,../images/sprinkled/sprinkled_0103.jpg
876,../images/sprinkled/sprinkled_0141.jpg
877,../images/sprinkled/sprinkled_0013.jpg
878,../images/sprinkled/sprinkled_0130.jpg
879,../images/sprinkled/sprinkled_0070.jpg
880,../images/sprinkled/sprinkled_0085.jpg
881,../images/sprinkled/sprinkled_0067.jpg
882,../images/sprinkled/sprinkled_0052.jpg
883,../images/sprinkled/sprinkled_0102.jpg
884,../images/sprinkled/sprinkled_0035.jpg
885,../images/sprinkled/sprinkled_0074.jpg
886,../images/sprinkled/sprinkled_0071.jpg
887,../images/sprinkled/sprinkled_0033.jpg
888,../images/woven/woven_0044.jpg
889,../images/woven/woven_0020.jpg
890,../images/woven/woven_0087.jpg
891,../images/woven/woven_0015.jpg
892,../images/woven/woven_0067.jpg
893,../images/woven/woven_0016.jpg
894,../images/woven/woven_0052.jpg
895,../images/woven/woven_0114.jpg
896,../images/woven/woven_0008.jpg
897,../images/woven/woven_0012.jpg
898,../images/woven/woven_0113.jpg
899,../images/woven/woven_0001.jpg
900,../images/woven/woven_0055.jpg
901,../images/woven/woven_0130.jpg
902,../images/woven/woven_0038.jpg
903,../images/woven/woven_0080.jpg
904,../images/woven/woven_0043.jpg
905,../images/woven/woven_0025.jpg
906,../images/woven/woven_0031.jpg
907,../images/woven/woven_0101.jpg
908,../images/woven/woven_0062.jpg
909,../images/woven/woven_0073.jpg
910,../images/woven/woven_0033.jpg
911,../images/woven/woven_0078.jpg
912,../images/bumpy/bumpy_0165.jpg
913,../images/bumpy/bumpy_0024.jpg
914,../images/bumpy/bumpy_0111.jpg
915,../images/bumpy/bumpy_0143.jpg
916,../images/bumpy/bumpy_0203.jpg
917,../images/bumpy/bumpy_0167.jpg
918,../images/bumpy/bumpy_0118.jpg
919,../images/bumpy/bumpy_0152.jpg
920,../images/bumpy/bumpy_0158.jpg
921,../images/bumpy/bumpy_0133.jpg
922,../images/bumpy/bumpy_0188.jpg
923,../images/bumpy/bumpy_0113.jpg
924,../images/bumpy/bumpy_0109.jpg
925,../images/bumpy/bumpy_0179.jpg
926,../images/bumpy/bumpy_0189.jpg
927,../images/bumpy/bumpy_0127.jpg
928,../images/bumpy/bumpy_0195.jpg
929,../images/bumpy/bumpy_0104.jpg
930,../images/bumpy/bumpy_0184.jpg
931,../images/bumpy/bumpy_0073.jpg
932,../images/bumpy/bumpy_0137.jpg
933,../images/bumpy/bumpy_0171.jpg
934,../images/bumpy/bumpy_0092.jpg
935,../images/bumpy/bumpy_0197.jpg
936,../images/scaly/scaly_0219.jpg
937,../images/scaly/scaly_0106.jpg
938,../images/scaly/scaly_0186.jpg
939,../images/scaly/scaly_0111.jpg
940,../images/scaly/scaly_0148.jpg
941,../images/scaly/scaly_0158.jpg
942,../images/scaly/scaly_0156.jpg
943,../images/scaly/scaly_0112.jpg
944,../images/scaly/scaly_0222.jpg
945,../images/scaly/scaly_0185.jpg
946,../images/scaly/scaly_0109.jpg
947,../images/scaly/scaly_0205.jpg
948,../images/scaly/scaly_0223.jpg
949,../images/scaly/scaly_0187.jpg
950,../images/scaly/scaly_0189.jpg
951,../images/scaly/scaly_0157.jpg
952,../images/scaly/scaly_0134.jpg
953,../images/scaly/scaly_0210.jpg
954,../images/scaly/scaly_0225.jpg
955,../images/scaly/scaly_0149.jpg
956,../images/scaly/scaly_0147.jpg
957,../images/scaly/scaly_0209.jpg
958,../images/scaly/scaly_0151.jpg
959,../images/scaly/scaly_0150.jpg
960,../images/banded/banded_0147.jpg
961,../images/banded/banded_0089.jpg
962,../images/banded/banded_0154.jpg
963,../images/banded/banded_0016.jpg
964,../images/banded/banded_0037.jpg
965,../images/banded/banded_0119.jpg
966,../images/banded/banded_0023.jpg
967,../images/banded/banded_0093.jpg
968,../images/banded/banded_0082.jpg
969,../images/banded/banded_0138.jpg
970,../images/banded/banded_0124.jpg
971,../images/banded/banded_0129.jpg
972,../images/banded/banded_0141.jpg
973,../images/banded/banded_0136.jpg
974,../images/banded/banded_0043.jpg
975,../images/banded/banded_0011.jpg
976,../images/banded/banded_0058.jpg
977,../images/banded/banded_0083.jpg
978,../images/banded/banded_0145.jpg
979,../images/banded/banded_0133.jpg
980,../images/banded/banded_0081.jpg
981,../images/banded/banded_0047.jpg
982,../images/banded/banded_0044.jpg
983,../images/banded/banded_0022.jpg
984,../images/matted/matted_0078.jpg
985,../images/matted/matted_0151.jpg
986,../images/matted/matted_0150.jpg
987,../images/matted/matted_0065.jpg
988,../images/matted/matted_0165.jpg
989,../images/matted/matted_0111.jpg
990,../images/matted/matted_0157.jpg
991,../images/matted/matted_0138.jpg
992,../images/matted/matted_0032.jpg
993,../images/matted/matted_0103.jpg
994,../images/matted/matted_0079.jpg
995,../images/matted/matted_0074.jpg
996,../images/matted/matted_0156.jpg
997,../images/matted/matted_0026.jpg
998,../images/matted/matted_0126.jpg
999,../images/matted/matted_0147.jpg
1000,../images/matted/matted_0143.jpg
1001,../images/matted/matted_0025.jpg
1002,../images/matted/matted_0039.jpg
1003,../images/matted/matted_0049.jpg
1004,../images/matted/matted_0163.jpg
1005,../images/matted/matted_0048.jpg
1006,../images/matted/matted_0083.jpg
1007,../images/matted/matted_0102.jpg
1008,../images/blotchy/blotchy_0138.jpg
1009,../images/blotchy/blotchy_0087.jpg
1010,../images/blotchy/blotchy_0029.jpg
1011,../images/blotchy/blotchy_0041.jpg
1012,../images/blotchy/blotchy_0044.jpg
1013,../images/blotchy/blotchy_0092.jpg
1014,../images/blotchy/blotchy_0091.jpg
1015,../images/blotchy/blotchy_0066.jpg
1016,../images/blotchy/blotchy_0117.jpg
1017,../images/blotchy/blotchy_0135.jpg
1018,../images/blotchy/blotchy_0077.jpg
1019,../images/blotchy/blotchy_0033.jpg
1020,../images/blotchy/blotchy_0114.jpg
1021,../images/blotchy/blotchy_0116.jpg
1022,../images/blotchy/blotchy_0112.jpg
1023,../images/blotchy/blotchy_0101.jpg
1024,../images/blotchy/blotchy_0122.jpg
1025,../images/blotchy/blotchy_0115.jpg
1026,../images/blotchy/blotchy_0021.jpg
1027,../images/blotchy/blotchy_0061.jpg
1028,../images/blotchy/blotchy_0082.jpg
1029,../images/blotchy/blotchy_0123.jpg
1030,../images/blotchy/blotchy_0067.jpg
1031,../images/blotchy/blotchy_0064.jpg
1032,../images/waffled/waffled_0142.jpg
1033,../images/waffled/waffled_0051.jpg
1034,../images/waffled/waffled_0151.jpg
1035,../images/waffled/waffled_0148.jpg
1036,../images/waffled/waffled_0133.jpg
1037,../images/waffled/waffled_0154.jpg
1038,../images/waffled/waffled_0124.jpg
1039,../images/waffled/waffled_0070.jpg
1040,../images/waffled/waffled_0074.jpg
1041,../images/waffled/waffled_0131.jpg
1042,../images/waffled/waffled_0169.jpg
1043,../images/waffled/waffled_0168.jpg
1044,../images/waffled/waffled_0029.jpg
1045,../images/waffled/waffled_0111.jpg
1046,../images/waffled/waffled_0166.jpg
1047,../images/waffled/waffled_0117.jpg
1048,../images/waffled/waffled_0056.jpg
1049,../images/waffled/waffled_0122.jpg
1050,../images/waffled/waffled_0103.jpg
1051,../images/waffled/waffled_0198.jpg
1052,../images/waffled/waffled_0176.jpg
1053,../images/waffled/waffled_0189.jpg
1054,../images/waffled/waffled_0149.jpg
1055,../images/waffled/waffled_0058.jpg
1056,../images/lacelike/lacelike_0008.jpg
1057,../images/lacelike/lacelike_0091.jpg
1058,../images/lacelike/lacelike_0011.jpg
1059,../images/lacelike/lacelike_0110.jpg
1060,../images/lacelike/lacelike_0087.jpg
1061,../images/lacelike/lacelike_0106.jpg
1062,../images/lacelike/lacelike_0006.jpg
1063,../images/lacelike/lacelike_0026.jpg
1064,../images/lacelike/lacelike_0051.jpg
1065,../images/lacelike/lacelike_0010.jpg
1066,../images/lacelike/lacelike_0095.jpg
1067,../images/lacelike/lacelike_0079.jpg
1068,../images/lacelike/lacelike_0017.jpg
1069,../images/lacelike/lacelike_0022.jpg
1070,../images/lacelike/lacelike_0093.jpg
1071,../images/lacelike/lacelike_0063.jpg
1072,../images/lacelike/lacelike_0029.jpg
1073,../images/lacelike/lacelike_0014.jpg
1074,../images/lacelike/lacelike_0097.jpg
1075,../images/lacelike/lacelike_0020.jpg
1076,../images/lacelike/lacelike_0099.jpg
1077,../images/lacelike/lacelike_0055.jpg
1078,../images/lacelike/lacelike_0103.jpg
1079,../images/lacelike/lacelike_0067.jpg
1080,../images/grid/grid_0026.jpg
1081,../images/grid/grid_0044.jpg
1082,../images/grid/grid_0065.jpg
1083,../images/grid/grid_0050.jpg
1084,../images/grid/grid_0023.jpg
1085,../images/grid/grid_0042.jpg
1086,../images/grid/grid_0091.jpg
1087,../images/grid/grid_0072.jpg
1088,../images/grid/grid_0087.jpg
1089,../images/grid/grid_0040.jpg
1090,../images/grid/grid_0100.jpg
1091,../images/grid/grid_0133.jpg
1092,../images/grid/grid_0041.jpg
1093,../images/grid/grid_0104.jpg
1094,../images/grid/grid_0079.jpg
1095,../images/grid/grid_0115.jpg
1096,../images/grid/grid_0067.jpg
1097,../images/grid/grid_0122.jpg
1098,../images/grid/grid_0047.jpg
1099,../images/grid/grid_0117.jpg
1100,../images/grid/grid_0011.jpg
1101,../images/grid/grid_0055.jpg
1102,../images/grid/grid_0101.jpg
1103,../images/grid/grid_0085.jpg
1104,../images/porous/porous_0069.jpg
1105,../images/porous/porous_0065.jpg
1106,../images/porous/porous_0159.jpg
1107,../images/porous/porous_0136.jpg
1108,../images/porous/porous_0152.jpg
1109,../images/porous/porous_0157.jpg
1110,../images/porous/porous_0072.jpg
1111,../images/porous/porous_0073.jpg
1112,../images/porous/porous_0102.jpg
1113,../images/porous/porous_0173.jpg
1114,../images/porous/porous_0168.jpg
1115,../images/porous/porous_0134.jpg
1116,../images/porous/porous_0104.jpg
1117,../images/porous/porous_0075.jpg
1118,../images/porous/porous_0093.jpg
1119,../images/porous/porous_0096.jpg
1120,../images/porous/porous_0150.jpg
1121,../images/porous/porous_0080.jpg
1122,../images/porous/porous_0115.jpg
1123,../images/porous/porous_0107.jpg
1124,../images/porous/porous_0155.jpg
1125,../images/porous/porous_0169.jpg
1126,../images/porous/porous_0113.jpg
1127,../images/porous/porous_0131.jpg
